No,Nama_Produk,Akun,review_text,label
1,Masker KF94 4 Ply Isi 10 Pcs Masker Medis Kesehatan Kemasan Plastik - Putih,Stephanus,dua kali beli sayang lambat respon order pagi kirim sore respon respon itu kirim besok barang bagus sesuai harga,0
2,Masker KF94 4 Ply Isi 10 Pcs Masker Medis Kesehatan Kemasan Plastik - Putih,Yati,bagus kirim cepat,1
3,Masker KF94 4 Ply Isi 10 Pcs Masker Medis Kesehatan Kemasan Plastik - Putih,Husin,barang sesuai pesan,1
4,Masker KF94 4 Ply Isi 10 Pcs Masker Medis Kesehatan Kemasan Plastik - Putih,Febby,panas pakai,1
5,Masker KF94 4 Ply Isi 10 Pcs Masker Medis Kesehatan Kemasan Plastik - Putih,Rahmat,barang sesuai minta bagus komunikasi jual beli pro aktif,0
6,Masker KF94 4 Ply Isi 10 Pcs Masker Medis Kesehatan Kemasan Plastik - Putih,Alden,bagus masker,1
7,Masker KF94 4 Ply Isi 10 Pcs Masker Medis Kesehatan Kemasan Plastik - Putih,Heni,pengirimn cepat produk bagus konsumen suka makasih,1
8,Masker KF94 4 Ply Isi 10 Pcs Masker Medis Kesehatan Kemasan Plastik - Putih,Husin,barang sesuai pesan kirim cepat,1
9,Masker KF94 4 Ply Isi 10 Pcs Masker Medis Kesehatan Kemasan Plastik - Putih,n***l,proses barang jemput kurir banget anjas pokok,0
10,Masker KF94 4 Ply Isi 10 Pcs Masker Medis Kesehatan Kemasan Plastik - Putih,Antonius,mantabspesan warna hitam putih pink,1
11,MASKER 3PLY IZIN KEMENKES MASKER MEDIS KESEHATAN 3 PLY ALKINDO 50 PCS - Biru Earloop,M***e,kirim cepat sesuai pesan respon jual cepat ramah,1
12,MASKER 3PLY IZIN KEMENKES MASKER MEDIS KESEHATAN 3 PLY ALKINDO 50 PCS - Biru Earloop,R***I,barang terima sesuai pesan aman,1
13,MASKER 3PLY IZIN KEMENKES MASKER MEDIS KESEHATAN 3 PLY ALKINDO 50 PCS - Biru Earloop,Frida,tidak ada komentar,1
14,MASKER 3PLY IZIN KEMENKES MASKER MEDIS KESEHATAN 3 PLY ALKINDO 50 PCS - Biru Earloop,Renold,kecewa berat masker hijab warna hitam tali masker gampang putus tali masker pendek,0
15,MASKER 3PLY IZIN KEMENKES MASKER MEDIS KESEHATAN 3 PLY ALKINDO 50 PCS - Biru Earloop,Roy,kirim sesuai estimasi baik,1
16,MASKER 3PLY IZIN KEMENKES MASKER MEDIS KESEHATAN 3 PLY ALKINDO 50 PCS - Biru Earloop,Ridwan,karet headloop nya pendek istri pakai untung anak,0
17,MASKER 3PLY IZIN KEMENKES MASKER MEDIS KESEHATAN 3 PLY ALKINDO 50 PCS - Biru Earloop,Fatma,barang bagus hrga murah layan muas,1
18,MASKER 3PLY IZIN KEMENKES MASKER MEDIS KESEHATAN 3 PLY ALKINDO 50 PCS - Biru Earloop,v***a,bagus barang sesuai,1
19,MASKER 3PLY IZIN KEMENKES MASKER MEDIS KESEHATAN 3 PLY ALKINDO 50 PCS - Biru Earloop,A***s,tidak ada komentar,1
20,MASKER 3PLY IZIN KEMENKES MASKER MEDIS KESEHATAN 3 PLY ALKINDO 50 PCS - Biru Earloop,Renold,masker medis lumayan cepat tuju harga murah barang murahansmoga masker medis nya manfaat,1
21,Masker 3 ply Medis Masker Bedah Kemenkes 3ply isi 50pcs Merk Orlee - Masker Earloop,Parama,sesuai pesan packing kirim cepat terima kasih ya,1
22,Masker 3 ply Medis Masker Bedah Kemenkes 3ply isi 50pcs Merk Orlee - Masker Earloop,S***l,sesuai harga,1
23,Masker 3 ply Medis Masker Bedah Kemenkes 3ply isi 50pcs Merk Orlee - Masker Earloop,Galih,kirim cepat barang sesuai,1
24,Masker 3 ply Medis Masker Bedah Kemenkes 3ply isi 50pcs Merk Orlee - Masker Earloop,Sujatmiko,sesuai pesan sip,1
25,Masker 3 ply Medis Masker Bedah Kemenkes 3ply isi 50pcs Merk Orlee - Masker Earloop,A***s,nice one,1
26,Masker 3 ply Medis Masker Bedah Kemenkes 3ply isi 50pcs Merk Orlee - Masker Earloop,Hae,sesuai pesan,1
27,Masker 3 ply Medis Masker Bedah Kemenkes 3ply isi 50pcs Merk Orlee - Masker Earloop,M***i,barang rumah,1
28,Masker 3 ply Medis Masker Bedah Kemenkes 3ply isi 50pcs Merk Orlee - Masker Earloop,Achmad,proses nya cepat thanks gan,1
29,Masker 3 ply Medis Masker Bedah Kemenkes 3ply isi 50pcs Merk Orlee - Masker Earloop,M***r,barang sesuai pesan,1
30,Masker 3 ply Medis Masker Bedah Kemenkes 3ply isi 50pcs Merk Orlee - Masker Earloop,s***a,kirim nya cepat barang aman rusa,1
31,Masker Evo PlusMed 4d Medis - Putih,A***i,masker favorite senang beli official store jamin,1
32,Masker Evo PlusMed 4d Medis - Putih,L***a,packingan bagus rapi bubblewrap kirim cepat sesuai janji besok puas,1
33,Masker Evo PlusMed 4d Medis - Putih,cynthia,kualitas okpengiriman cepat bangetdapet cashback,1
34,Masker Evo PlusMed 4d Medis - Putih,B***k,barang sesuai pesan cepat,1
35,Masker Evo PlusMed 4d Medis - Putih,Novi,barang asli evorecomended,1
36,Masker Evo PlusMed 4d Medis - Putih,J***a,pesan masker warna hijau datang warna pink,0
37,Masker Evo PlusMed 4d Medis - Putih,G***i,order emas bagus cepat moga tambah warna cute ya,1
38,Masker Evo PlusMed 4d Medis - Putih,M***i,pilih no masker medis keluarga,1
39,Masker Evo PlusMed 4d Medis - Putih,Felix,packing fisik barang rapi safety terima kasih souvenir nya,1
40,Masker Evo PlusMed 4d Medis - Putih,Celine,bagus,1
41,SENSI - Convex Mask 4 Ply | Masker Earloop 4 Ply | Masker Sensi - Merah,J***a,langgan,1
42,SENSI - Convex Mask 4 Ply | Masker Earloop 4 Ply | Masker Sensi - Merah,Rita,suka rapat nyaman banget,1
43,SENSI - Convex Mask 4 Ply | Masker Earloop 4 Ply | Masker Sensi - Merah,Y***A,proses cepat respon jual ramah packaging rapi mantaaaaaapp,1
44,SENSI - Convex Mask 4 Ply | Masker Earloop 4 Ply | Masker Sensi - Merah,B***a,good quality percaya,1
45,SENSI - Convex Mask 4 Ply | Masker Earloop 4 Ply | Masker Sensi - Merah,Derry,kirim cepat bandung mantap,1
46,SENSI - Convex Mask 4 Ply | Masker Earloop 4 Ply | Masker Sensi - Merah,Firdaus,respon cepat packing rapi kirim barang sesuai,1
47,SENSI - Convex Mask 4 Ply | Masker Earloop 4 Ply | Masker Sensi - Merah,N***a,produk asli bungkus plastik segel mahal toko jamin kualitas,1
48,SENSI - Convex Mask 4 Ply | Masker Earloop 4 Ply | Masker Sensi - Merah,Denys,bagus,1
49,SENSI - Convex Mask 4 Ply | Masker Earloop 4 Ply | Masker Sensi - Merah,R***z,recomended,1
50,SENSI - Convex Mask 4 Ply | Masker Earloop 4 Ply | Masker Sensi - Merah,A***i,kirim nya cepat,1
51,Disposable Mask KN95 N95 Facemask Kesehatan Masker Wajah 5 Layer BNPB - EVO 1pcs,Nova,re order sekian kali mantap puas order,1
52,Disposable Mask KN95 N95 Facemask Kesehatan Masker Wajah 5 Layer BNPB - EVO 1pcs,A***d,barang terima terima kasih,1
53,Disposable Mask KN95 N95 Facemask Kesehatan Masker Wajah 5 Layer BNPB - EVO 1pcs,edduwar,barang baguz cepat,1
54,Disposable Mask KN95 N95 Facemask Kesehatan Masker Wajah 5 Layer BNPB - EVO 1pcs,Seindah,rugi beli toko rekomended,1
55,Disposable Mask KN95 N95 Facemask Kesehatan Masker Wajah 5 Layer BNPB - EVO 1pcs,A***s,tidak ada komentar,1
56,Disposable Mask KN95 N95 Facemask Kesehatan Masker Wajah 5 Layer BNPB - EVO 1pcs,David,mantul,1
57,Disposable Mask KN95 N95 Facemask Kesehatan Masker Wajah 5 Layer BNPB - EVO 1pcs,Anggia,bungkus plastik sealed debu kotor,0
58,Disposable Mask KN95 N95 Facemask Kesehatan Masker Wajah 5 Layer BNPB - EVO 1pcs,W***a,sippp beli,1
59,Disposable Mask KN95 N95 Facemask Kesehatan Masker Wajah 5 Layer BNPB - EVO 1pcs,M***d,manstap,1
60,Disposable Mask KN95 N95 Facemask Kesehatan Masker Wajah 5 Layer BNPB - EVO 1pcs,Edwin,barang terima,1
61,Goto Enviro 50 Pcs 3ply Facemask Masker Earloop Kesehatan - 50 pcs Rainbow,a***a,baik,1
62,Goto Enviro 50 Pcs 3ply Facemask Masker Earloop Kesehatan - 50 pcs Rainbow,dharma,tidak ada komentar,1
63,Goto Enviro 50 Pcs 3ply Facemask Masker Earloop Kesehatan - 50 pcs Rainbow,Lesmono,warna kalem pakai bini sesuai baju,1
64,Goto Enviro 50 Pcs 3ply Facemask Masker Earloop Kesehatan - 50 pcs Rainbow,s***i,tooopp puuaaassss,1
65,Goto Enviro 50 Pcs 3ply Facemask Masker Earloop Kesehatan - 50 pcs Rainbow,S***i,barang sesuai pesan bagus kirim,1
66,Goto Enviro 50 Pcs 3ply Facemask Masker Earloop Kesehatan - 50 pcs Rainbow,Melani,bagus rapi foto langsung pakai tali gampang putus relatif sakit telinga terima kasih ya,1
67,Goto Enviro 50 Pcs 3ply Facemask Masker Earloop Kesehatan - 50 pcs Rainbow,Darwin,ok,1
68,Goto Enviro 50 Pcs 3ply Facemask Masker Earloop Kesehatan - 50 pcs Rainbow,SETIAWAN,packing rapi respon cepat,1
69,Goto Enviro 50 Pcs 3ply Facemask Masker Earloop Kesehatan - 50 pcs Rainbow,arief,mantap jiwa moga harga turun,1
70,Goto Enviro 50 Pcs 3ply Facemask Masker Earloop Kesehatan - 50 pcs Rainbow,arief,next order,1
71,Disposable Face Mask 50pcs / BOX Masker Wajah Kesehatan 3 Layer BNPB - Pack 10pcs,H***k,kualitas bagus abal,1
72,Disposable Face Mask 50pcs / BOX Masker Wajah Kesehatan 3 Layer BNPB - Pack 10pcs,d***i,rekomendasi kurir,1
73,Disposable Face Mask 50pcs / BOX Masker Wajah Kesehatan 3 Layer BNPB - Pack 10pcs,Rizki,langgan beli masker kualitas masker bagus kirim cepat harga affordable thank you,1
74,Disposable Face Mask 50pcs / BOX Masker Wajah Kesehatan 3 Layer BNPB - Pack 10pcs,Irfan,paket sesuai gambar skripsi kirim cepatrecomended seller,1
75,Disposable Face Mask 50pcs / BOX Masker Wajah Kesehatan 3 Layer BNPB - Pack 10pcs,Lupir,semenjak wabah landa beli masker medis toko rekomendasi banget terimakasih,1
76,Disposable Face Mask 50pcs / BOX Masker Wajah Kesehatan 3 Layer BNPB - Pack 10pcs,Mueeza,beda merk brgnya kes mudah an,1
77,Disposable Face Mask 50pcs / BOX Masker Wajah Kesehatan 3 Layer BNPB - Pack 10pcs,G***g,order pagi bada isya loh mantap pis terima kasih ya gan sukses lapak moga barokah,1
78,Disposable Face Mask 50pcs / BOX Masker Wajah Kesehatan 3 Layer BNPB - Pack 10pcs,Agit,box rapi packing rapi barang sesuai gambar seller respon customer,1
79,Disposable Face Mask 50pcs / BOX Masker Wajah Kesehatan 3 Layer BNPB - Pack 10pcs,H***k,mantap thanks,1
80,Disposable Face Mask 50pcs / BOX Masker Wajah Kesehatan 3 Layer BNPB - Pack 10pcs,S***a,tidak ada komentar,1
81,ONEMED - Masker Karet 3 Ply / Masker Non-Medis / Masker Earloop 3 ply - Putih,Z***i,barang bagus sesuai deskripsimakasih,1
82,ONEMED - Masker Karet 3 Ply / Masker Non-Medis / Masker Earloop 3 ply - Putih,M***M,order,1
83,ONEMED - Masker Karet 3 Ply / Masker Non-Medis / Masker Earloop 3 ply - Putih,Dimas,original tebal nyaman,1
84,ONEMED - Masker Karet 3 Ply / Masker Non-Medis / Masker Earloop 3 ply - Putih,Endah,ok banget,1
85,ONEMED - Masker Karet 3 Ply / Masker Non-Medis / Masker Earloop 3 ply - Putih,Adhi,tipis sih ragu banding type jenis ply ply,0
86,ONEMED - Masker Karet 3 Ply / Masker Non-Medis / Masker Earloop 3 ply - Putih,d***a,masker plastik masuk dus,1
87,ONEMED - Masker Karet 3 Ply / Masker Non-Medis / Masker Earloop 3 ply - Putih,D***g,paket komplit seller fast responramahbarang mantaprekomendasi baik deh belanja mantaf,1
88,ONEMED - Masker Karet 3 Ply / Masker Non-Medis / Masker Earloop 3 ply - Putih,Anggi,oke banget enak pakai cepat,1
89,ONEMED - Masker Karet 3 Ply / Masker Non-Medis / Masker Earloop 3 ply - Putih,A***s,overall produk ok nyaman pakai seharihari sayang packagingnya kardus penyok sisi segel rapi,1
90,ONEMED - Masker Karet 3 Ply / Masker Non-Medis / Masker Earloop 3 ply - Putih,Wiwit,masker sesuai hari enak pakai mudah napas cuman warna putih banget nerawangnya kayak tipis,1
91,KUKE Disposable Mask KN95 Facemask Kesehatan Masker Wajah 5 Layer BNPB - KN95 1pcs,Iwan,barang kondisi bagus kirim,1
92,KUKE Disposable Mask KN95 Facemask Kesehatan Masker Wajah 5 Layer BNPB - KN95 1pcs,J***o,barang bagus sesuai deskripsi,1
93,KUKE Disposable Mask KN95 Facemask Kesehatan Masker Wajah 5 Layer BNPB - KN95 1pcs,Rully,barang ok sesuai deskripsi kirim cepat,1
94,KUKE Disposable Mask KN95 Facemask Kesehatan Masker Wajah 5 Layer BNPB - KN95 1pcs,aan,puas bgtthank seller,1
95,KUKE Disposable Mask KN95 Facemask Kesehatan Masker Wajah 5 Layer BNPB - KN95 1pcs,M***d,mantap,1
96,KUKE Disposable Mask KN95 Facemask Kesehatan Masker Wajah 5 Layer BNPB - KN95 1pcs,Trian,mantap beli harga turun thanks,1
97,KUKE Disposable Mask KN95 Facemask Kesehatan Masker Wajah 5 Layer BNPB - KN95 1pcs,L***i,lumayan bagus harga murah,1
98,KUKE Disposable Mask KN95 Facemask Kesehatan Masker Wajah 5 Layer BNPB - KN95 1pcs,Ryan,kirim cepat barang sesuai,1
99,KUKE Disposable Mask KN95 Facemask Kesehatan Masker Wajah 5 Layer BNPB - KN95 1pcs,Hendry,tidak ada komentar,1
100,KUKE Disposable Mask KN95 Facemask Kesehatan Masker Wajah 5 Layer BNPB - KN95 1pcs,Eleonora,kirim cepat admin ramah,1
101,C care Duckbill 3D Stereo 3 Ply Isi 50 Pcs Masker Duckbill Import - - Hitam,i***d,barang sesuai deskripsi kirim cepat banget,1
102,C care Duckbill 3D Stereo 3 Ply Isi 50 Pcs Masker Duckbill Import - - Hitam,J***n,bagus,1
103,C care Duckbill 3D Stereo 3 Ply Isi 50 Pcs Masker Duckbill Import - - Hitam,I***I,kirim cepat respon jual oke,1
104,C care Duckbill 3D Stereo 3 Ply Isi 50 Pcs Masker Duckbill Import - - Hitam,Risca,masker tipis ya bunda,0
105,C care Duckbill 3D Stereo 3 Ply Isi 50 Pcs Masker Duckbill Import - - Hitam,ruth,bagusssss murah,1
106,C care Duckbill 3D Stereo 3 Ply Isi 50 Pcs Masker Duckbill Import - - Hitam,Nanda,sesuai cepat,1
107,C care Duckbill 3D Stereo 3 Ply Isi 50 Pcs Masker Duckbill Import - - Hitam,ijah,tidak ada komentar,1
108,C care Duckbill 3D Stereo 3 Ply Isi 50 Pcs Masker Duckbill Import - - Hitam,Oppie,terima kasih,1
109,C care Duckbill 3D Stereo 3 Ply Isi 50 Pcs Masker Duckbill Import - - Hitam,Hargianto,tidak ada komentar,1
110,C care Duckbill 3D Stereo 3 Ply Isi 50 Pcs Masker Duckbill Import - - Hitam,Syafaun,layan toko produk bagus,1
111,Masker KN95 Alkindo Masker Medis 5ply 1 Box 10 pcs - Masker Kesehatan - Putih,yuyun,baguuussss sesuai rapi kemas,1
112,Masker KN95 Alkindo Masker Medis 5ply 1 Box 10 pcs - Masker Kesehatan - Putih,L***a,ukur karet besar muka kadang masker merosot,1
113,Masker KN95 Alkindo Masker Medis 5ply 1 Box 10 pcs - Masker Kesehatan - Putih,H***y,bagus boxnya,1
114,Masker KN95 Alkindo Masker Medis 5ply 1 Box 10 pcs - Masker Kesehatan - Putih,L***y,ok banget kualitas proses,1
115,Masker KN95 Alkindo Masker Medis 5ply 1 Box 10 pcs - Masker Kesehatan - Putih,Ridwan,for nonmedical use its ok deskripsi sesuai asli,1
116,Masker KN95 Alkindo Masker Medis 5ply 1 Box 10 pcs - Masker Kesehatan - Putih,Duarte,kualitas masker jelek masker bolong jahit isi ply kalo jual bos,0
117,Masker KN95 Alkindo Masker Medis 5ply 1 Box 10 pcs - Masker Kesehatan - Putih,M***a,size telinga,0
118,Masker KN95 Alkindo Masker Medis 5ply 1 Box 10 pcs - Masker Kesehatan - Putih,Anandya,masker bagus kecil wajah,1
119,Masker KN95 Alkindo Masker Medis 5ply 1 Box 10 pcs - Masker Kesehatan - Putih,Leksono,kirim bagus barang sesuai,1
120,Masker KN95 Alkindo Masker Medis 5ply 1 Box 10 pcs - Masker Kesehatan - Putih,Zihan,lumanyan,1
121,Disposable Face Mask 50pcs/BOX Masker Wajah Kesehatan 3 Layer BNPB - Pack 10pcs,w***y,mantap,1
122,Disposable Face Mask 50pcs/BOX Masker Wajah Kesehatan 3 Layer BNPB - Pack 10pcs,M,barang cepat estimasi seller responsif packaging oke barang lengkap utuh terima kasih,1
123,Disposable Face Mask 50pcs/BOX Masker Wajah Kesehatan 3 Layer BNPB - Pack 10pcs,D***y,mantul fast respon kirim cepat,1
124,Disposable Face Mask 50pcs/BOX Masker Wajah Kesehatan 3 Layer BNPB - Pack 10pcs,Jack,sesuai foto kualitas bagus banget range harga langgan deh,1
125,Disposable Face Mask 50pcs/BOX Masker Wajah Kesehatan 3 Layer BNPB - Pack 10pcs,warham,langgan cuman mesan kemarin lumayan tunda hari kirim,1
126,Disposable Face Mask 50pcs/BOX Masker Wajah Kesehatan 3 Layer BNPB - Pack 10pcs,warham,mantap pesan,1
127,Disposable Face Mask 50pcs/BOX Masker Wajah Kesehatan 3 Layer BNPB - Pack 10pcs,novaris,respon cepat kirim kilat barang sesuai mantaps,1
128,Disposable Face Mask 50pcs/BOX Masker Wajah Kesehatan 3 Layer BNPB - Pack 10pcs,D***t,mantap beli,1
129,Disposable Face Mask 50pcs/BOX Masker Wajah Kesehatan 3 Layer BNPB - Pack 10pcs,A***i,proses cepatproduct sesuai,1
130,Disposable Face Mask 50pcs/BOX Masker Wajah Kesehatan 3 Layer BNPB - Pack 10pcs,P***t,kirim cepatmakasih,1
131,Masker Kesehatan 3ply Earloop isi 50 pcs,Halalova,kirim cepat barang bagus,1
132,Masker Kesehatan 3ply Earloop isi 50 pcs,H***y,barang selamat packing rapi kirim cepat kurrir ramah seller fast respon recommended pokok nya,1
133,Masker Kesehatan 3ply Earloop isi 50 pcs,Anggit,langgan masker mantap,1
134,Masker Kesehatan 3ply Earloop isi 50 pcs,HARIS,barang mantap respon cepattoko recommended belanja pesan langusng dikirimbelanja nya,1
135,Masker Kesehatan 3ply Earloop isi 50 pcs,G***u,fast respon order jm sore langsung kirim pakai gosend,1
136,Masker Kesehatan 3ply Earloop isi 50 pcs,FAJARNO,belanja pokok mantap,1
137,Masker Kesehatan 3ply Earloop isi 50 pcs,S***n,mantap kali,1
138,Masker Kesehatan 3ply Earloop isi 50 pcs,sugiarti,kirim cepat bareng sesuai pic tq,1
139,Masker Kesehatan 3ply Earloop isi 50 pcs,Kadek,good,1
140,Masker Kesehatan 3ply Earloop isi 50 pcs,John,barang sesuai tawar,1
141,Masker Karet Pink OneMed box 50pcs,H***l,proses cepat barang sesuai deskripsi packing box bubble wrap,1
142,Masker Karet Pink OneMed box 50pcs,Y***a,kali beli mantap cepat,1
143,Masker Karet Pink OneMed box 50pcs,R***s,emas bagus banget sip terima kasih,1
144,Masker Karet Pink OneMed box 50pcs,N***h,kaliny beli kirim cepat barang oke segel on recommended,1
145,Masker Karet Pink OneMed box 50pcs,M***r,admin nya ramah ditanyain ditawarin cancel barang kalo produk sih bagus orisinal aman toko keramean kali ya nya suruh cancel konsumen nya jual tingkat service nya,1
146,Masker Karet Pink OneMed box 50pcs,Enjel,bagus sip,1
147,Masker Karet Pink OneMed box 50pcs,H***o,fast respon packaging bagus tq,1
148,Masker Karet Pink OneMed box 50pcs,Dwi,puass banget masker onemed kualitas,1
149,Masker Karet Pink OneMed box 50pcs,M***t,late delivery brng ok,1
150,Masker Karet Pink OneMed box 50pcs,reredyah,sesuai,1
151,Masker 3M Nexcare N95 KN95 9501 - 3M 9501 Import,r***n,emas cepat masker andal pesawat bonus masker lumayan thank you seller,1
152,Masker 3M Nexcare N95 KN95 9501 - 3M 9501 Import,Moedji,barang bagus packingnya topmarkotop alias mantul puas minggu beli bonus tambah ya thanks,1
153,Masker 3M Nexcare N95 KN95 9501 - 3M 9501 Import,r***n,barang cepat recommended seller masker kf mmasker nya ketat aman sakit telinga pakai jam thankyou bonus seller,1
154,Masker 3M Nexcare N95 KN95 9501 - 3M 9501 Import,L***a,niattt banget vacum beli suka banget,1
155,Masker 3M Nexcare N95 KN95 9501 - 3M 9501 Import,r***n,cepat toko percaya beli masker mmakasih bonus pouch masker,1
156,Masker 3M Nexcare N95 KN95 9501 - 3M 9501 Import,Dhita,beli kali packing mantab masker asli tani terbang jam sukses sehat,1
157,Masker 3M Nexcare N95 KN95 9501 - 3M 9501 Import,S***l,ok,1
158,Masker 3M Nexcare N95 KN95 9501 - 3M 9501 Import,A***i,beda pesan nampaknya import china bonus beli auto star thank youu gann,1
159,Masker 3M Nexcare N95 KN95 9501 - 3M 9501 Import,M***l,pesan cepat proses sayang kurir banget packing rapi aman free pouch masker terima kasih,1
160,Masker 3M Nexcare N95 KN95 9501 - 3M 9501 Import,Bambang,very fast response barang ok banget good job,1
161,Facemask 50s / BOX Masker Wajah Kesehatan 3ply / Masker Mulut BNPB - Pack 10pcs,Arif,mantab bosssku terimakasih,1
162,Facemask 50s / BOX Masker Wajah Kesehatan 3ply / Masker Mulut BNPB - Pack 10pcs,Reza,sesuai pict barang bagus,1
163,Facemask 50s / BOX Masker Wajah Kesehatan 3ply / Masker Mulut BNPB - Pack 10pcs,Syahrul,masker terima terima kasih,1
164,Facemask 50s / BOX Masker Wajah Kesehatan 3ply / Masker Mulut BNPB - Pack 10pcs,Bayu,belanja toko cepat kirim packing rapi kualitas barang sesuai deskripsi,1
165,Facemask 50s / BOX Masker Wajah Kesehatan 3ply / Masker Mulut BNPB - Pack 10pcs,Alam,murah murah cucu suka pakai nya,1
166,Facemask 50s / BOX Masker Wajah Kesehatan 3ply / Masker Mulut BNPB - Pack 10pcs,NURHASANAH,fast respon kirim cepat sayang box khusus hijab penyok penyok sobek kasih note terang box lipat sajakrn jual pakai bagus box nya,0
167,Facemask 50s / BOX Masker Wajah Kesehatan 3ply / Masker Mulut BNPB - Pack 10pcs,Y***a,bareng sesuai,1
168,Facemask 50s / BOX Masker Wajah Kesehatan 3ply / Masker Mulut BNPB - Pack 10pcs,Andi,cepat dkrm dterima kondisi bagus packing bagus rapi cepat everything is good puassssss deh puas,1
169,Facemask 50s / BOX Masker Wajah Kesehatan 3ply / Masker Mulut BNPB - Pack 10pcs,Chandra,produk bagus sesuai pesan thanks,1
170,Facemask 50s / BOX Masker Wajah Kesehatan 3ply / Masker Mulut BNPB - Pack 10pcs,Jhon,pesan box hijab box model hijab,0
171,Masker Karet Putih 3 Ply Daily Use Onemed Box Isi 50 Pcs,Luke,masak debu masuk masker hari,0
172,Masker Karet Putih 3 Ply Daily Use Onemed Box Isi 50 Pcs,Densi,tipis banding,1
173,Masker Karet Putih 3 Ply Daily Use Onemed Box Isi 50 Pcs,H***h,tipis banget masker beda onemed warna putih tipis,0
174,Masker Karet Putih 3 Ply Daily Use Onemed Box Isi 50 Pcs,Shandyka,quantitas sesuai pesan kemas box langsung masker masker bungkus plastik enak pakai masker terimakasih layan cepat,1
175,Masker Karet Putih 3 Ply Daily Use Onemed Box Isi 50 Pcs,D,jossss wes,1
176,Masker Karet Putih 3 Ply Daily Use Onemed Box Isi 50 Pcs,Astri,bagus barang segel utuh bubble wrap kasih biar aman isi nytrima kasih,1
177,Masker Karet Putih 3 Ply Daily Use Onemed Box Isi 50 Pcs,Suci,kali beli masker puas kirim barang recomended,1
178,Masker Karet Putih 3 Ply Daily Use Onemed Box Isi 50 Pcs,Rani,tidak ada komentar,1
179,Masker Karet Putih 3 Ply Daily Use Onemed Box Isi 50 Pcs,Cipta,seller bintang,1
180,Masker Karet Putih 3 Ply Daily Use Onemed Box Isi 50 Pcs,Dafit,barang terima kasih,1
181,masker kf94 pink 4ply masker antivirus kesehatan isi 10pcs,Andy,olshop percaya barang sesuai pesan,1
182,masker kf94 pink 4ply masker antivirus kesehatan isi 10pcs,Ineu,bagussssss,1
183,masker kf94 pink 4ply masker antivirus kesehatan isi 10pcs,N***i,okeeee thankyou seller,1
184,masker kf94 pink 4ply masker antivirus kesehatan isi 10pcs,Javirus,sesuai pcs pengirimn cepat terima kasih seller,1
185,masker kf94 pink 4ply masker antivirus kesehatan isi 10pcs,Wahyu,siiiip,1
186,masker kf94 pink 4ply masker antivirus kesehatan isi 10pcs,Muji,proses puas barang kirim,1
187,masker kf94 pink 4ply masker antivirus kesehatan isi 10pcs,s***y,bonus,1
188,masker kf94 pink 4ply masker antivirus kesehatan isi 10pcs,T***r,cepat mantap,1
189,masker kf94 pink 4ply masker antivirus kesehatan isi 10pcs,widhi,cepat kirim,1
190,masker kf94 pink 4ply masker antivirus kesehatan isi 10pcs,Senny,tidak ada komentar,1
191,Disposable Mask KN95 Facemask Kesehatan Masker Wajah 5 Layer BNPB,Heri,alhamdulillah sesuai pesan barang bagus,1
192,Disposable Mask KN95 Facemask Kesehatan Masker Wajah 5 Layer BNPB,Toni,barang sesuai peaanan,1
193,Disposable Mask KN95 Facemask Kesehatan Masker Wajah 5 Layer BNPB,M***r,cerita beli pcs dikotakin kes bunafit ply sayang kwalitas premium,0
194,Disposable Mask KN95 Facemask Kesehatan Masker Wajah 5 Layer BNPB,R***n,brng nya dngn sesuai pesan bahan nya bagus sek napas nya makasihhhh,1
195,Disposable Mask KN95 Facemask Kesehatan Masker Wajah 5 Layer BNPB,AFRODI,masker lumayan bagus besi tempel maksimal,1
196,Disposable Mask KN95 Facemask Kesehatan Masker Wajah 5 Layer BNPB,Melina,beli kedau barang ok,1
197,Disposable Mask KN95 Facemask Kesehatan Masker Wajah 5 Layer BNPB,Alex,cepat komplit top,1
198,Disposable Mask KN95 Facemask Kesehatan Masker Wajah 5 Layer BNPB,Aris,mantulll,1
199,Disposable Mask KN95 Facemask Kesehatan Masker Wajah 5 Layer BNPB,Sekardewi,pesan plastik masker plastik masker masker,0
200,Disposable Mask KN95 Facemask Kesehatan Masker Wajah 5 Layer BNPB,Endang,kirim cepat barang sesuai foto kurir ramah,1
201,Masker KF94 4 Ply Isi 10 Pcs Masker Medis Kesehatan Kemasan Plastik - Putih,Usep,okeeehhh,1
202,Masker KF94 4 Ply Isi 10 Pcs Masker Medis Kesehatan Kemasan Plastik - Putih,Stephanus,dua kali beli sayang lambat respon order pagi kirim sore respon respon itu kirim besok barang bagus sesuai harga,0
203,Masker KF94 4 Ply Isi 10 Pcs Masker Medis Kesehatan Kemasan Plastik - Putih,Rahmat,barang sesuai minta bagus komunikasi jual beli pro aktif,0
204,Masker KF94 4 Ply Isi 10 Pcs Masker Medis Kesehatan Kemasan Plastik - Putih,Alden,bagus masker,1
205,Masker KF94 4 Ply Isi 10 Pcs Masker Medis Kesehatan Kemasan Plastik - Putih,Husin,barang sesuai pesan,1
206,Masker KF94 4 Ply Isi 10 Pcs Masker Medis Kesehatan Kemasan Plastik - Putih,Febby,panas pakai,1
207,Masker KF94 4 Ply Isi 10 Pcs Masker Medis Kesehatan Kemasan Plastik - Putih,n***l,proses barang jemput kurir banget anjas pokok,0
208,Masker KF94 4 Ply Isi 10 Pcs Masker Medis Kesehatan Kemasan Plastik - Putih,Heni,pengirimn cepat produk bagus konsumen suka makasih,1
209,Masker KF94 4 Ply Isi 10 Pcs Masker Medis Kesehatan Kemasan Plastik - Putih,Yati,bagus kirim cepat,1
210,Masker KF94 4 Ply Isi 10 Pcs Masker Medis Kesehatan Kemasan Plastik - Putih,Husin,barang sesuai pesan kirim cepat,1
211,Softies Surgical Mask 30s isi 30 Masker Medis (spt Sensi Nexcare 3M),l***h,layan bagusseller ramah cepat reply chatdan kirim cepat buka dusnyarecommemded,1
212,Softies Surgical Mask 30s isi 30 Masker Medis (spt Sensi Nexcare 3M),M***M,packingnya rapi bagus barang sesuai,1
213,Softies Surgical Mask 30s isi 30 Masker Medis (spt Sensi Nexcare 3M),Agung,kirim cepat packing kardus,1
214,Softies Surgical Mask 30s isi 30 Masker Medis (spt Sensi Nexcare 3M),D***q,barang terima terima kasih,1
215,Softies Surgical Mask 30s isi 30 Masker Medis (spt Sensi Nexcare 3M),Haernudin,mantap thanks,1
216,Softies Surgical Mask 30s isi 30 Masker Medis (spt Sensi Nexcare 3M),D***n,cepat akurat,1
217,Softies Surgical Mask 30s isi 30 Masker Medis (spt Sensi Nexcare 3M),R***l,original recommended seller,1
218,Softies Surgical Mask 30s isi 30 Masker Medis (spt Sensi Nexcare 3M),Andriana,pengirimannyamantul gan,1
219,Softies Surgical Mask 30s isi 30 Masker Medis (spt Sensi Nexcare 3M),Andreas,packing rapi cepat,1
220,Softies Surgical Mask 30s isi 30 Masker Medis (spt Sensi Nexcare 3M),L***y,barang sesuai tawar,1
221,MIISOO Disposable N95 KN95 Korea KF94 Masker Kesehatan masker evo 4ply - EVO 1pcs,J***r,good product and fast response,1
222,MIISOO Disposable N95 KN95 Korea KF94 Masker Kesehatan masker evo 4ply - EVO 1pcs,yuri,tq,1
223,MIISOO Disposable N95 KN95 Korea KF94 Masker Kesehatan masker evo 4ply - EVO 1pcs,Kezia,puasssss order,1
224,MIISOO Disposable N95 KN95 Korea KF94 Masker Kesehatan masker evo 4ply - EVO 1pcs,M***i,bagusssss,1
225,MIISOO Disposable N95 KN95 Korea KF94 Masker Kesehatan masker evo 4ply - EVO 1pcs,S***i,masker tipe kf,1
226,MIISOO Disposable N95 KN95 Korea KF94 Masker Kesehatan masker evo 4ply - EVO 1pcs,Andin,barang aman coba moga nyaman pakai,1
227,MIISOO Disposable N95 KN95 Korea KF94 Masker Kesehatan masker evo 4ply - EVO 1pcs,endang,barang sesuai deskripsi harga jangkau fast respon,1
228,MIISOO Disposable N95 KN95 Korea KF94 Masker Kesehatan masker evo 4ply - EVO 1pcs,Fikri,better ya,1
229,MIISOO Disposable N95 KN95 Korea KF94 Masker Kesehatan masker evo 4ply - EVO 1pcs,Wiggo,packing oke pakai dus tambah,1
230,MIISOO Disposable N95 KN95 Korea KF94 Masker Kesehatan masker evo 4ply - EVO 1pcs,S***n,kualitas lumayan,1
231,THANKFUL - Masker Headloop Anak 4 Ply | Masker Anak Karet | Face Mask,Ninna,beli menurit masker lembut nyaman masker beli karet kuat gampang putus ikin sek cocok banget banget anak sayang harga lumayan moga diskon ya,1
232,THANKFUL - Masker Headloop Anak 4 Ply | Masker Anak Karet | Face Mask,Fabiola,beli rising,1
233,THANKFUL - Masker Headloop Anak 4 Ply | Masker Anak Karet | Face Mask,S***a,bagus kualitas pakcagin aman lembut anak,1
234,THANKFUL - Masker Headloop Anak 4 Ply | Masker Anak Karet | Face Mask,Benny,terima kasih gan barang terima bahan lembut kirim cepat,1
235,THANKFUL - Masker Headloop Anak 4 Ply | Masker Anak Karet | Face Mask,H***i,faste respond,1
236,THANKFUL - Masker Headloop Anak 4 Ply | Masker Anak Karet | Face Mask,m***i,bahan halus banget halus merek sih,1
237,THANKFUL - Masker Headloop Anak 4 Ply | Masker Anak Karet | Face Mask,Bony,packing rapi,1
238,THANKFUL - Masker Headloop Anak 4 Ply | Masker Anak Karet | Face Mask,Novi,bagus cepat,1
239,THANKFUL - Masker Headloop Anak 4 Ply | Masker Anak Karet | Face Mask,resty,packing rapi kualitas oke,1
240,THANKFUL - Masker Headloop Anak 4 Ply | Masker Anak Karet | Face Mask,Chardova,produk original sesuai deskripsi kirim cepat harga produk respon jual,1
241,Nexcare 3M Masker 3 Lapis Earloop 3 Ply Daily Mask - 1 Box (36 Masker),Handana,kemas rapi,1
242,Nexcare 3M Masker 3 Lapis Earloop 3 Ply Daily Mask - 1 Box (36 Masker),F***i,asa tipis indmret indmret ply yasoalnya kalo kesana beli nexcare,1
243,Nexcare 3M Masker 3 Lapis Earloop 3 Ply Daily Mask - 1 Box (36 Masker),n***a,beli box bonus kf kirimminta produk foto proses complain bonus foto produk,0
244,Nexcare 3M Masker 3 Lapis Earloop 3 Ply Daily Mask - 1 Box (36 Masker),W***m,produk bagus original kirim cepat,1
245,Nexcare 3M Masker 3 Lapis Earloop 3 Ply Daily Mask - 1 Box (36 Masker),Elike,packing amburadul dus masker penyok penyok nya dus nyasampai buka isolasi,0
246,Nexcare 3M Masker 3 Lapis Earloop 3 Ply Daily Mask - 1 Box (36 Masker),J***y,sih packingnya bagus kali pesan dus penyok untung dalem plastik,1
247,Nexcare 3M Masker 3 Lapis Earloop 3 Ply Daily Mask - 1 Box (36 Masker),A***t,thanks barang terima,1
248,Nexcare 3M Masker 3 Lapis Earloop 3 Ply Daily Mask - 1 Box (36 Masker),Z***n,mantapssss,1
249,Nexcare 3M Masker 3 Lapis Earloop 3 Ply Daily Mask - 1 Box (36 Masker),I***n,top,1
250,Nexcare 3M Masker 3 Lapis Earloop 3 Ply Daily Mask - 1 Box (36 Masker),Y***i,packing rapipesanan sesuai,1
251,Baru! Masker Kain Airycool 3D Dewasa Anti Mikrobial dan Air (10 pcs) - Kids White,I***a,barang bagus recommended banget,1
252,Baru! Masker Kain Airycool 3D Dewasa Anti Mikrobial dan Air (10 pcs) - Kids White,a***s,produk kualitas manfaat mari jaga virus covid tks,1
253,Baru! Masker Kain Airycool 3D Dewasa Anti Mikrobial dan Air (10 pcs) - Kids White,Y***z,size bahan ok,1
254,Baru! Masker Kain Airycool 3D Dewasa Anti Mikrobial dan Air (10 pcs) - Kids White,N***a,bagus bahan sukaaaaa,1
255,Baru! Masker Kain Airycool 3D Dewasa Anti Mikrobial dan Air (10 pcs) - Kids White,a***s,produk manfaat kualitas anakanak mari jaga pandemi covid,1
256,Baru! Masker Kain Airycool 3D Dewasa Anti Mikrobial dan Air (10 pcs) - Kids White,n***a,banget ukurannyaselalu cocok masker sritexgood quality,1
257,Baru! Masker Kain Airycool 3D Dewasa Anti Mikrobial dan Air (10 pcs) - Kids White,Medyarti,kirim supeeeer cepat order subuh malam kemas rapi banget pakai bubble warp kotak masker tebal sesuai gambar puaas banget layan,1
258,Baru! Masker Kain Airycool 3D Dewasa Anti Mikrobial dan Air (10 pcs) - Kids White,Tutiek,bagus moga tali awet,1
259,Baru! Masker Kain Airycool 3D Dewasa Anti Mikrobial dan Air (10 pcs) - Kids White,Hery,ok,1
260,Baru! Masker Kain Airycool 3D Dewasa Anti Mikrobial dan Air (10 pcs) - Kids White,Aan,respon cepat malam order siang mantap,1
261,Face Mask Earloop 50pcs Masker mulut/ Masker Wajah Kesehatan 3ply BNPB - Pack 10pcs,Revan,thx sesuai ekspetasi beli,1
262,Face Mask Earloop 50pcs Masker mulut/ Masker Wajah Kesehatan 3ply BNPB - Pack 10pcs,dunia,bagus layan cepat,1
263,Face Mask Earloop 50pcs Masker mulut/ Masker Wajah Kesehatan 3ply BNPB - Pack 10pcs,Asib,barang nya sesuai pesan terima kasih toped,1
264,Face Mask Earloop 50pcs Masker mulut/ Masker Wajah Kesehatan 3ply BNPB - Pack 10pcs,V***a,kirim packing amanseller responsif deh beli kaliterima kasih,1
265,Face Mask Earloop 50pcs Masker mulut/ Masker Wajah Kesehatan 3ply BNPB - Pack 10pcs,Ariel,responsif barang cepat packing rapi muas terima kasih gan,1
266,Face Mask Earloop 50pcs Masker mulut/ Masker Wajah Kesehatan 3ply BNPB - Pack 10pcs,t***a,produk selamat barang bagus packingan lumayan aman mohon tingkat packingan terima kasih,1
267,Face Mask Earloop 50pcs Masker mulut/ Masker Wajah Kesehatan 3ply BNPB - Pack 10pcs,Ariyanto,merk dus masker merk kualitas ya masker merk pakai buka langsung putus tali,0
268,Face Mask Earloop 50pcs Masker mulut/ Masker Wajah Kesehatan 3ply BNPB - Pack 10pcs,SOFYAN,keren,1
269,Face Mask Earloop 50pcs Masker mulut/ Masker Wajah Kesehatan 3ply BNPB - Pack 10pcs,Lucky,order pagi sore pakai gratis ongkir sameday barang bagus sesuai harga,1
270,Face Mask Earloop 50pcs Masker mulut/ Masker Wajah Kesehatan 3ply BNPB - Pack 10pcs,I***n,bagus tipis beli selisih ribu doang,1
271,Goto Disposable Mask KN 95 Facemask 5Ply Earloop Masker KN95 5 Ply - 10 pcs,T***o,tali nya sakit kuping pakai lama,0
272,Goto Disposable Mask KN 95 Facemask 5Ply Earloop Masker KN95 5 Ply - 10 pcs,Anisah,masker tali sakit dikupingmantap,1
273,Goto Disposable Mask KN 95 Facemask 5Ply Earloop Masker KN95 5 Ply - 10 pcs,Rizal,terima kasih,1
274,Goto Disposable Mask KN 95 Facemask 5Ply Earloop Masker KN95 5 Ply - 10 pcs,Fitria,bagus dalem plastik moga aman,1
275,Goto Disposable Mask KN 95 Facemask 5Ply Earloop Masker KN95 5 Ply - 10 pcs,R***a,service bagus delivery,1
276,Goto Disposable Mask KN 95 Facemask 5Ply Earloop Masker KN95 5 Ply - 10 pcs,Taufiq,barang terima,1
277,Goto Disposable Mask KN 95 Facemask 5Ply Earloop Masker KN95 5 Ply - 10 pcs,T***h,murah kualitas dipakenya enak,1
278,Goto Disposable Mask KN 95 Facemask 5Ply Earloop Masker KN95 5 Ply - 10 pcs,Beta,paket terima oke respon seller cepat proses pesan cepat kualitas oke sesuai gambar pesan terima kasih moga sukses,1
279,Goto Disposable Mask KN 95 Facemask 5Ply Earloop Masker KN95 5 Ply - 10 pcs,Syarizal,kirim cepatmantappp,1
280,Goto Disposable Mask KN 95 Facemask 5Ply Earloop Masker KN95 5 Ply - 10 pcs,Cecep,kualitas bagus recommended,1
281,Madame Gie Protect You KN95 Mask - Masker Kesehatan,A***i,kaget kemas sesuai bayang beli hrga kejar diskon kalo hrga normal rapi ya ribu banding ribu btw terima kasih masker kakak,0
282,Madame Gie Protect You KN95 Mask - Masker Kesehatan,S***a,sesuai deskripsi,1
283,Madame Gie Protect You KN95 Mask - Masker Kesehatan,C***a,terima,1
284,Madame Gie Protect You KN95 Mask - Masker Kesehatan,Afrizal,kayak masker jenis merkembossed ati teman tipu merk nya,0
285,Madame Gie Protect You KN95 Mask - Masker Kesehatan,M***i,thanks gan barang,1
286,Madame Gie Protect You KN95 Mask - Masker Kesehatan,Ramadhan,barang bagus sampai cepat bungkus aman,1
287,Madame Gie Protect You KN95 Mask - Masker Kesehatan,ANTON,ok,1
288,Madame Gie Protect You KN95 Mask - Masker Kesehatan,Joko,tidak ada komentar,0
289,Madame Gie Protect You KN95 Mask - Masker Kesehatan,ANTON,mantab,1
290,Madame Gie Protect You KN95 Mask - Masker Kesehatan,Maria,nya sesuai ekspektasi dipacking masker pesan toko packing aman rapi,1
291,Buy 1 Get 1 - Masker Primero - Sachet,A***g,kualitas barang kirim cepat nya,1
292,Buy 1 Get 1 - Masker Primero - Sachet,Ayu,good produk kemas higienis pcs masker plastik kirim cepat kualitas ok,1
293,Buy 1 Get 1 - Masker Primero - Sachet,a***a,deskripsi produk sesuai terima iram slow respon kotak penyok bubble wrap kotak masker tipis,0
294,Buy 1 Get 1 - Masker Primero - Sachet,M***y,top keren,1
295,Buy 1 Get 1 - Masker Primero - Sachet,M***l,parahini masker hargany overpersis harga ribu dus official store tokopedia selektif barang mutu over price masker sertifikasi daily maskdijual harga surgical mask,0
296,Buy 1 Get 1 - Masker Primero - Sachet,a***a,barang kirim sesuai deskripsi tera ijin kemenkes tanggal exp date kotak kirim pesan kotak penyok packing masuk dus untung lindung bubble wrap,0
297,Buy 1 Get 1 - Masker Primero - Sachet,Teguh,kotak penyok sana mngkn expediai,1
298,Buy 1 Get 1 - Masker Primero - Sachet,F***a,barang sesuai kualitas kardus penyok next time order kalo promo tarik banyak promonya,1
299,Buy 1 Get 1 - Masker Primero - Sachet,N***a,harga promo murah kirim promo,1
300,Buy 1 Get 1 - Masker Primero - Sachet,G***g,proses kirim sabar ya temanteman beli paket cuman bubble wrap penyok enggak apa isi packagingnya pcs sealed aman kualitas masker coba pakai merk beli minimarket bagus kualitas,1
301,Buy 1 Get 1 - Masker Primero - Sachet,G***g,penjual asal kirim barang gk lihat pesanan pembeli,0
302,Buy 1 Get 1 - Masker Primero - Sachet,G***g,barang gak sampe. lagian pake sicepat. opsi kurir pake jne juga makanya. sampe sekarang barang gak di refund padahal udah asuransi,0
303,Buy 1 Get 1 - Masker Primero - Sachet,G***g,"udah belaga **** nanya ukuran di kolom chat karena emng ga yakin liat deskripsi produk mengenai panjang barang yang berbeda sama foto barang dari review pembeli, eh ternyata begonya pindah ke dia",0
304,Buy 1 Get 1 - Masker Primero - Sachet,G***g,dideskripsi ukuran 27 cm..yg datang kok 10 cm..lama pengiriman nya..,0
305,Buy 1 Get 1 - Masker Primero - Sachet,G***g,tidak sesuai ukuran,0
306,Buy 1 Get 1 - Masker Primero - Sachet,G***g,salah kirim warna.,0
307,Buy 1 Get 1 - Masker Primero - Sachet,G***g,malproduk tidak bisa ditukar.,0
308,Buy 1 Get 1 - Masker Primero - Sachet,G***g,barang yg dateng tak sesuai harapan,0
309,Buy 1 Get 1 - Masker Primero - Sachet,G***g,tipis banget bajunya setipis kulit bawang,0
310,Buy 1 Get 1 - Masker Primero - Sachet,G***g,bahannya jelek,0
311,Buy 1 Get 1 - Masker Primero - Sachet,G***g,jangan di beli penjual penipu,0
312,Buy 1 Get 1 - Masker Primero - Sachet,G***g,barangnya jelek,0
313,Buy 1 Get 1 - Masker Primero - Sachet,G***g,jangan dibeli,0
314,Buy 1 Get 1 - Masker Primero - Sachet,G***g,padahal mintanya hitam tapi dikirim hijau,0
315,Buy 1 Get 1 - Masker Primero - Sachet,G***g,Produk ini sangat mengecewakan. Kualitasnya rendah dan tidak tahan lama.,0
316,Buy 1 Get 1 - Masker Primero - Sachet,G***g,Saya sangat kecewa dengan produk ini. Harganya mahal tetapi kinerjanya sangat buruk.,0
317,Buy 1 Get 1 - Masker Primero - Sachet,G***g,Produk ini rusak hanya setelah beberapa kali penggunaan. Tidak tahan lama sama sekali.,0
318,Buy 1 Get 1 - Masker Primero - Sachet,G***g,Saya tidak merekomendasikan produk ini. Kualitasnya buruk dan tidak sesuai dengan harga yang dibayarkan.,0
319,Buy 1 Get 1 - Masker Primero - Sachet,G***g,Produk ini tidak berfungsi dengan baik. Saya mengalami masalah teknis sejak awal penggunaan.,0
320,Buy 1 Get 1 - Masker Primero - Sachet,G***g,"Pengemasan produk sangat buruk. Ketika produk sampai, sudah rusak dan tidak bisa digunakan.",0
321,Buy 1 Get 1 - Masker Primero - Sachet,G***g,Produk ini tidak memiliki instruksi yang jelas. Sulit untuk menggunakannya dengan benar.,0
322,Buy 1 Get 1 - Masker Primero - Sachet,G***g,Kualitas bahan produk sangat buruk. Mudah rusak dan terlihat murahan.,0
323,Buy 1 Get 1 - Masker Primero - Sachet,G***g,Produk ini tidak memberikan hasil seperti yang dijanjikan. Iklan yang menyesatkan.,0
324,Buy 1 Get 1 - Masker Primero - Sachet,G***g,Saya merasa tertipu membeli produk ini. Kinerjanya sangat buruk dan tidak sesuai dengan deskripsi.,0
325,Buy 1 Get 1 - Masker Primero - Sachet,G***g,Produk ini tidak awet. Hanya bertahan beberapa minggu sebelum rusak.,0
326,Buy 1 Get 1 - Masker Primero - Sachet,G***g,Saya sangat kecewa dengan kualitas produk ini. Tidak sebanding dengan harganya.,0
327,Buy 1 Get 1 - Masker Primero - Sachet,G***g,Produk ini tidak nyaman digunakan. Desainnya tidak ergonomis.,0
328,Buy 1 Get 1 - Masker Primero - Sachet,G***g,"Setelah beberapa saat penggunaan, produk ini mulai berfungsi secara tidak konsisten.",0
329,Buy 1 Get 1 - Masker Primero - Sachet,G***g,Saya merasa uang saya terbuang sia-sia karena membeli produk ini. Tidak ada manfaatnya.,0
330,Buy 1 Get 1 - Masker Primero - Sachet,G***g,Produk ini menghasilkan bau yang tidak sedap. Tidak bisa digunakan dengan nyaman.,0
331,Buy 1 Get 1 - Masker Primero - Sachet,G***g,Saya mengalami iritasi kulit setelah menggunakan produk ini. Tidak cocok untuk kulit sensitif.,0
332,Buy 1 Get 1 - Masker Primero - Sachet,G***g,Kualitas cat pada produk ini sangat buruk. Mudah mengelupas dan tidak tahan lama.,0
333,Buy 1 Get 1 - Masker Primero - Sachet,G***g,Produk ini sulit untuk dibersihkan. Kotoran menempel dengan susah payah.,0
334,Buy 1 Get 1 - Masker Primero - Sachet,G***g,Tidak ada dukungan pelanggan yang baik untuk produk ini. Sulit mendapatkan bantuan ketika ada masalah.,0
335,Buy 1 Get 1 - Masker Primero - Sachet,G***g,Produk ini sangat rapuh. Mudah pecah bahkan dengan perlakuan yang hati-hati.,0
336,Buy 1 Get 1 - Masker Primero - Sachet,G***g,Saya merasa terkecoh dengan klaim keamanan produk ini. Ternyata tidak aman digunakan.,0
337,Buy 1 Get 1 - Masker Primero - Sachet,G***g,"Setelah beberapa penggunaan, produk ini mulai berisik dan tidak nyaman didengar.",0
338,Buy 1 Get 1 - Masker Primero - Sachet,G***g,Kualitas jahitan pada produk ini sangat buruk. Mudah terbuka dan rusak.,0
339,Buy 1 Get 1 - Masker Primero - Sachet,G***g,Saya sangat kecewa dengan kinerja produk ini. Tidak bekerja seperti yang diharapkan.,0
340,Buy 1 Get 1 - Masker Primero - Sachet,G***g,Baterai produk ini sangat buruk. Tidak bertahan lama dan sering perlu diisi ulang.,0
341,Buy 1 Get 1 - Masker Primero - Sachet,G***g,Produk ini sulit untuk digunakan. Instruksinya tidak jelas dan membingungkan.,0
342,Buy 1 Get 1 - Masker Primero - Sachet,G***g,Saya merasa produk ini overpriced. Kualitasnya tidak sebanding dengan harga yang tinggi.,0
343,Buy 1 Get 1 - Masker Primero - Sachet,G***g,Pengiriman produk ini sangat lambat. Saya harus menunggu berhari-hari sebelum sampai.,0
344,Buy 1 Get 1 - Masker Primero - Sachet,G***g,Saya sangat kecewa dengan produk ini. Harganya mahal tetapi kinerjanya sangat buruk.,0
345,Buy 1 Get 1 - Masker Primero - Sachet,G***g,Produk ini rusak hanya setelah beberapa kali penggunaan. Tidak tahan lama sama sekali.,0
346,Buy 1 Get 1 - Masker Primero - Sachet,G***g,Saya tidak merekomendasikan produk ini. Kualitasnya buruk dan tidak sesuai dengan harga yang dibayarkan.,0
347,Buy 1 Get 1 - Masker Primero - Sachet,G***g,Produk ini tidak berfungsi dengan baik. Saya mengalami masalah teknis sejak awal penggunaan.,0
348,Buy 1 Get 1 - Masker Primero - Sachet,G***g,"Pengemasan produk sangat buruk. Ketika produk sampai, sudah rusak dan tidak bisa digunakan.",0
349,Buy 1 Get 1 - Masker Primero - Sachet,G***g,Produk ini tidak memiliki instruksi yang jelas. Sulit untuk menggunakannya dengan benar.,0
350,Buy 1 Get 1 - Masker Primero - Sachet,G***g,Kualitas bahan produk sangat buruk. Mudah rusak dan terlihat murahan.,0
351,Buy 1 Get 1 - Masker Primero - Sachet,G***g,Produk ini tidak memberikan hasil seperti yang dijanjikan. Iklan yang menyesatkan.,0
352,Buy 1 Get 1 - Masker Primero - Sachet,G***g,Saya merasa tertipu membeli produk ini. Kinerjanya sangat buruk dan tidak sesuai dengan deskripsi.,0
353,Buy 1 Get 1 - Masker Primero - Sachet,G***g,Produk ini tidak awet. Hanya bertahan beberapa minggu sebelum rusak.,0
354,Buy 1 Get 1 - Masker Primero - Sachet,G***g,Saya sangat kecewa dengan kualitas produk ini. Tidak sebanding dengan harganya.,0
355,Buy 1 Get 1 - Masker Primero - Sachet,G***g,Produk ini tidak nyaman digunakan. Desainnya tidak ergonomis.,0
356,Buy 1 Get 1 - Masker Primero - Sachet,G***g,"Setelah beberapa saat penggunaan, produk ini mulai berfungsi secara tidak konsisten.",0
357,Buy 1 Get 1 - Masker Primero - Sachet,G***g,Saya merasa uang saya terbuang sia-sia karena membeli produk ini. Tidak ada manfaatnya.,0
358,Buy 1 Get 1 - Masker Primero - Sachet,G***g,Produk ini menghasilkan bau yang tidak sedap. Tidak bisa digunakan dengan nyaman.,0
359,Buy 1 Get 1 - Masker Primero - Sachet,G***g,Saya mengalami iritasi kulit setelah menggunakan produk ini. Tidak cocok untuk kulit sensitif.,0
360,Buy 1 Get 1 - Masker Primero - Sachet,G***g,Kualitas cat pada produk ini sangat buruk. Mudah mengelupas dan tidak tahan lama.,0
361,Buy 1 Get 1 - Masker Primero - Sachet,G***g,Produk ini sulit untuk dibersihkan. Kotoran menempel dengan susah payah.,0
362,Buy 1 Get 1 - Masker Primero - Sachet,G***g,Tidak ada dukungan pelanggan yang baik untuk produk ini. Sulit mendapatkan bantuan ketika ada masalah.,0
363,Buy 1 Get 1 - Masker Primero - Sachet,G***g,Produk ini sangat rapuh. Mudah pecah bahkan dengan perlakuan yang hati-hati.,0
364,Buy 1 Get 1 - Masker Primero - Sachet,G***g,Saya merasa terkecoh dengan klaim keamanan produk ini. Ternyata tidak aman digunakan.,0
365,Buy 1 Get 1 - Masker Primero - Sachet,G***g,"Setelah beberapa penggunaan, produk ini mulai berisik dan tidak nyaman didengar.",0
366,Buy 1 Get 1 - Masker Primero - Sachet,G***g,Kualitas jahitan pada produk ini sangat buruk. Mudah terbuka dan rusak.,0
367,Buy 1 Get 1 - Masker Primero - Sachet,G***g,Produk ini tidak tahan terhadap kondisi lingkungan yang normal. Cepat rusak karena faktor sehari-hari.,0
368,Buy 1 Get 1 - Masker Primero - Sachet,G***g,Saya sangat kecewa dengan kinerja produk ini. Tidak bekerja seperti yang diharapkan.,0
369,Buy 1 Get 1 - Masker Primero - Sachet,G***g,Baterai produk ini sangat buruk. Tidak bertahan lama dan sering perlu diisi ulang.,0
370,Buy 1 Get 1 - Masker Primero - Sachet,G***g,Produk ini sulit untuk digunakan. Instruksinya tidak jelas dan membingungkan.,0
371,Buy 1 Get 1 - Masker Primero - Sachet,G***g,Saya merasa produk ini overpriced. Kualitasnya tidak sebanding dengan harga yang tinggi.,0
372,Buy 1 Get 1 - Masker Primero - Sachet,G***g,Pengiriman produk ini sangat lambat. Saya harus menunggu berhari-hari sebelum sampai.,0
373,Buy 1 Get 1 - Masker Primero - Sachet,G***g,Sistem layanan pelanggan yang buruk. Sulit untuk menghubungi dan mendapatkan bantuan.,0
374,Buy 1 Get 1 - Masker Primero - Sachet,G***g,Produk ini tidak tahan terhadap penggunaan sehari-hari. Mudah rusak dan memerlukan perbaikan berulang.,0
375,Buy 1 Get 1 - Masker Primero - Sachet,G***g,Saya mengalami reaksi alergi setelah menggunakan produk ini. Ternyata mengandung bahan yang tidak cocok bagi saya.,0
376,Buy 1 Get 1 - Masker Primero - Sachet,G***g,Desain produk ini tidak praktis. Sulit digunakan atau tidak efisien.,0
377,Buy 1 Get 1 - Masker Primero - Sachet,G***g,Saya merasa tertipu dengan klaim ramah lingkungan produk ini. Ternyata tidak memiliki dampak positif pada lingkungan.,0
378,Buy 1 Get 1 - Masker Primero - Sachet,G***g,Produk ini memiliki aroma yang tidak sedap. Tidak menyenangkan digunakan.,0
379,Buy 1 Get 1 - Masker Primero - Sachet,G***g,Kemasan produk tidak efektif dalam melindungi barang. Barang rusak saat tiba.,0
380,Buy 1 Get 1 - Masker Primero - Sachet,G***g,Produk ini tidak sesuai dengan gambar atau deskripsi yang diberikan. Penampilannya mengecewakan.,0
381,Buy 1 Get 1 - Masker Primero - Sachet,G***g,Saya mengalami masalah kompatibilitas dengan produk ini. Tidak dapat berfungsi dengan perangkat lain yang seharusnya kompatibel.,0
382,Buy 1 Get 1 - Masker Primero - Sachet,G***g,Baterai produk ini memiliki umur yang sangat pendek. Sering harus diganti atau diisi ulang.,0
383,Buy 1 Get 1 - Masker Primero - Sachet,G***g,Instruksi penggunaan produk tidak memadai atau ambigu. Sulit untuk mengerti cara menggunakannya dengan benar.,0
384,Buy 1 Get 1 - Masker Primero - Sachet,G***g,Produk ini tidak memberikan nilai tambah atau manfaat yang signifikan. Tidak sebanding dengan investasi yang dibutuhkan.,0
385,Buy 1 Get 1 - Masker Primero - Sachet,G***g,Saya mengalami kesulitan mendapatkan suku cadang atau dukungan teknis untuk produk ini. Tidak ada ketersediaan atau tanggapan yang memadai.,0
386,Buy 1 Get 1 - Masker Primero - Sachet,G***g,Kualitas suara atau gambar produk ini buruk. Tidak memberikan pengalaman yang memuaskan.,0
387,Buy 1 Get 1 - Masker Primero - Sachet,G***g,Produk ini memiliki kelemahan desain yang signifikan. Sulit untuk digunakan atau tidak ergonomis.,0
388,Buy 1 Get 1 - Masker Primero - Sachet,G***g,Saya mengalami masalah keamanan dengan produk ini. Mengkhawatirkan potensi risiko atau kerusakan.,0
389,Buy 1 Get 1 - Masker Primero - Sachet,G***g,Produk ini tidak tahan lama dalam kondisi penggunaan normal. Komponen cepat aus atau rusak.,0
390,Buy 1 Get 1 - Masker Primero - Sachet,G***g,Saya mengalami masalah dengan garansi produk ini. Sulit untuk mendapatkan pengembalian atau penggantian yang adil.,0
391,Buy 1 Get 1 - Masker Primero - Sachet,G***g,Kualitas jaringan atau koneksi produk ini buruk. Tidak stabil atau sering terputus.,0
392,Buy 1 Get 1 - Masker Primero - Sachet,G***g,Produk ini tidak menghasilkan hasil yang diinginkan atau tidak memberikan efek yang dijanjikan.,0
393,Buy 1 Get 1 - Masker Primero - Sachet,G***g,Saya merasa produk ini kurang inovatif atau tidak memiliki fitur-fitur yang membedakan dengan produk sejenis lainnya.,0
394,Buy 1 Get 1 - Masker Primero - Sachet,G***g,Komponen produk ini tidak terpasang dengan baik atau rapuh. Mudah rusak atau lepas.,0
395,Buy 1 Get 1 - Masker Primero - Sachet,G***g,Produk ini tidak tahan terhadap penggunaan di lingkungan yang keras. Mudah rusak atau tidak tahan cuaca.,0
396,Buy 1 Get 1 - Masker Primero - Sachet,G***g,Saya mengalami masalah dengan ukuran atau dimensi produk ini. Tidak sesuai dengan ekspektasi atau kebutuhan saya.,0
397,Buy 1 Get 1 - Masker Primero - Sachet,G***g,Kualitas tampilan atau resolusi produk ini rendah. Tidak memberikan pengalaman visual yang baik.,0
398,Buy 1 Get 1 - Masker Primero - Sachet,G***g,Saya merasa produk ini sulit untuk diperbaiki atau dipelihara. Memerlukan biaya tambahan atau perawatan yang sulit.,0
399,Buy 1 Get 1 - Masker Primero - Sachet,G***g,Produk ini memiliki kelemahan desain yang dapat menyebabkan cedera atau bahaya bagi pengguna.,0
400,Buy 1 Get 1 - Masker Primero - Sachet,G***g,Saya mengalami masalah dengan kebisingan atau getaran yang tidak diinginkan dari produk ini.,0
401,Buy 1 Get 1 - Masker Primero - Sachet,G***g,Produk ini tidak cocok dengan standar keselamatan atau regulasi yang berlaku.,0
402,Buy 1 Get 1 - Masker Primero - Sachet,G***g,"Saya mengalami masalah dengan ketahanan produk ini terhadap debu, air, atau kondisi lingkungan lainnya.",0
403,Buy 1 Get 1 - Masker Primero - Sachet,G***g,Kualitas konstruksi produk ini buruk. Tidak kuat atau stabil saat digunakan.,0
404,Buy 1 Get 1 - Masker Primero - Sachet,G***g,Saya merasa produk ini memiliki umur pakai yang sangat singkat. Hanya bertahan beberapa penggunaan sebelum rusak.,0
405,Buy 1 Get 1 - Masker Primero - Sachet,G***g,Produk ini tidak memiliki fitur yang diiklankan atau fitur-fitur yang dijanjikan tidak berfungsi dengan baik.,0
406,Buy 1 Get 1 - Masker Primero - Sachet,G***g,Saya mengalami masalah dengan ergonomi produk ini. Tidak nyaman atau tidak sesuai dengan bentuk atau ukuran tangan saya.,0
407,Buy 1 Get 1 - Masker Primero - Sachet,G***g,Kualitas cat atau lapisan produk ini buruk. Mudah terkelupas atau pudar.,0
408,Buy 1 Get 1 - Masker Primero - Sachet,G***g,Produk ini tidak memberikan nilai tambah dalam hal kualitas atau performa dibandingkan dengan produk serupa lainnya.,0
409,Buy 1 Get 1 - Masker Primero - Sachet,G***g,Saya mengalami masalah dengan keausan atau penurunan kualitas produk ini seiring waktu.,0
410,Buy 1 Get 1 - Masker Primero - Sachet,G***g,Produk ini tidak memiliki manual pengguna yang lengkap atau tidak mudah dipahami.,0
411,Buy 1 Get 1 - Masker Primero - Sachet,G***g,Saya merasa produk ini terlalu rumit atau memerlukan konfigurasi yang sulit.,0
412,Buy 1 Get 1 - Masker Primero - Sachet,G***g,Kualitas audio atau mikrofon pada produk ini buruk. Tidak memberikan suara yang jernih atau berkualitas.,0
413,Buy 1 Get 1 - Masker Primero - Sachet,G***g,Produk ini memiliki bau yang tidak sedap atau mengeluarkan bau yang tidak normal.,0
414,Buy 1 Get 1 - Masker Primero - Sachet,G***g,Saya mengalami masalah dengan daya tahan produk ini terhadap suhu ekstrem atau perubahan suhu.,0
415,Buy 1 Get 1 - Masker Primero - Sachet,G***g,Produk ini tidak memberikan dukungan atau pembaruan perangkat lunak yang memadai.,0
416,Buy 1 Get 1 - Masker Primero - Sachet,G***g,Saya merasa produk ini tidak berkelanjutan atau ramah lingkungan dalam produksi dan penggunaannya.,0
417,Buy 1 Get 1 - Masker Primero - Sachet,G***g,Kualitas komponen internal produk ini buruk. Tidak tahan lama atau sering mengalami kegagalan.,0
418,Buy 1 Get 1 - Masker Primero - Sachet,G***g,Produk ini tidak memberikan kenyamanan yang dijanjikan atau tidak ergonomis dalam penggunaan sehari-hari.,0
419,Buy 1 Get 1 - Masker Primero - Sachet,G***g,Saya mengalami masalah dengan kesalahan pengukuran atau ketidakakuratan pada produk ini.,0
420,Buy 1 Get 1 - Masker Primero - Sachet,G***g,Produk ini sulit untuk dibongkar atau perbaiki sendiri. Memerlukan bantuan profesional atau biaya tambahan.,0
421,Buy 1 Get 1 - Masker Primero - Sachet,G***g,Keandalan produk ini rendah. Sering mengalami gangguan atau kerusakan yang tidak terduga.,0
422,Buy 1 Get 1 - Masker Primero - Sachet,G***g,Saya merasa produk ini tidak memiliki kualitas yang meyakinkan. Terlihat murahan atau tidak terawat.,0
423,Buy 1 Get 1 - Masker Primero - Sachet,G***g,Kualitas layar atau tampilan pada produk ini buruk. Tidak memberikan gambar yang tajam atau jernih.,0
424,Buy 1 Get 1 - Masker Primero - Sachet,G***g,Produk ini tidak memberikan hasil yang diharapkan. Tidak efektif dalam menyelesaikan masalah.,0
425,Buy 1 Get 1 - Masker Primero - Sachet,G***g,Produk ini mudah tergores atau terkena noda. Tidak tahan lama dalam tampilan yang baik.,0
426,Buy 1 Get 1 - Masker Primero - Sachet,G***g,Saya mengalami masalah dengan layanan purna jual produk ini. Tidak responsif atau sulit dihubungi.,0
427,Buy 1 Get 1 - Masker Primero - Sachet,G***g,Kualitas plastik atau bahan produk ini sangat buruk. Terasa murahan dan rentan patah.,0
428,Buy 1 Get 1 - Masker Primero - Sachet,G***g,Produk ini tidak memberikan pengalaman pengguna yang intuitif. Antarmuka atau navigasinya rumit atau membingungkan.,0
429,Buy 1 Get 1 - Masker Primero - Sachet,G***g,Saya merasa produk ini tidak menghadirkan nilai tambah yang signifikan. Tidak berbeda dengan produk sejenis yang lebih murah.,0
430,Buy 1 Get 1 - Masker Primero - Sachet,G***g,Kualitas gambar atau resolusi pada produk ini rendah. Tidak memuaskan untuk hiburan atau penggunaan visual.,0
431,Buy 1 Get 1 - Masker Primero - Sachet,G***g,Produk ini sulit untuk dibawa atau portabel. Berat atau tidak praktis untuk dibawa bepergian.,0
432,Buy 1 Get 1 - Masker Primero - Sachet,G***g,Saya mengalami masalah dengan sensitivitas sentuhan pada produk ini. Responsnya lambat atau tidak akurat.,0
433,Buy 1 Get 1 - Masker Primero - Sachet,G***g,Kualitas audio produk ini buruk. Suaranya pecah atau terdengar tidak jelas.,0
434,Buy 1 Get 1 - Masker Primero - Sachet,G***g,Produk ini tidak tahan terhadap benturan atau goncangan. Cepat rusak saat jatuh atau terbentur.,0
435,Buy 1 Get 1 - Masker Primero - Sachet,G***g,"Saya merasa produk ini tidak aman digunakan. Ada risiko kebakaran, kejutan listrik, atau bahaya lainnya.",0
436,Buy 1 Get 1 - Masker Primero - Sachet,G***g,Kualitas sambungan atau penguncian pada produk ini buruk. Mudah terlepas atau longgar.,0
437,Buy 1 Get 1 - Masker Primero - Sachet,G***g,Produk ini menghasilkan panas berlebihan saat digunakan. Tidak nyaman dan berpotensi merusak komponen internal.,0
438,Buy 1 Get 1 - Masker Primero - Sachet,G***g,Saya mengalami masalah dengan keausan pada produk ini. Tidak bertahan lama dalam penggunaan sehari-hari.,0
439,Buy 1 Get 1 - Masker Primero - Sachet,G***g,"Produk ini tidak memberikan perlindungan yang memadai. Tidak tahan terhadap goresan, debu, atau cairan.",0
440,Buy 1 Get 1 - Masker Primero - Sachet,G***g,Kualitas jaringan atau konektivitas produk ini buruk. Sering terputus atau tidak stabil dalam koneksi.,0
441,Buy 1 Get 1 - Masker Primero - Sachet,G***g,Produk ini tidak ramah lingkungan. Menggunakan bahan-bahan berbahaya atau tidak dapat didaur ulang.,0
442,Buy 1 Get 1 - Masker Primero - Sachet,G***g,Saya merasa produk ini terlalu rumit atau berlebihan dalam fitur-fiturnya. Sulit untuk memanfaatkan sepenuhnya.,0
443,Buy 1 Get 1 - Masker Primero - Sachet,G***g,Kualitas sinyal atau penerimaan produk ini buruk. Sering terjadi gangguan atau sinyal lemah.,0
444,Buy 1 Get 1 - Masker Primero - Sachet,G***g,Produk ini tidak ergonomis dalam penggunaan jangka panjang. Menyebabkan ketidaknyamanan atau cedera pada tubuh.,0
445,Buy 1 Get 1 - Masker Primero - Sachet,G***g,Saya mengalami masalah dengan kapasitas penyimpanan produk ini. Tidak cukup untuk memenuhi kebutuhan saya.,0
446,Buy 1 Get 1 - Masker Primero - Sachet,G***g,Kualitas cat atau lapisan pada produk ini buruk. Mudah mengelupas atau berubah warna.,0
447,Buy 1 Get 1 - Masker Primero - Sachet,G***g,Produk ini tidak memberikan pengaturan atau opsi yang memadai. Terbatas dalam kemampuan penggunaan yang disesuaikan.,0
448,Buy 1 Get 1 - Masker Primero - Sachet,G***g,Kualitas cahaya atau pencahayaan produk ini buruk. Tidak memberikan pencahayaan yang cukup atau merata.,0
449,Buy 1 Get 1 - Masker Primero - Sachet,G***g,Produk ini memiliki daya tahan yang rendah. Cepat rusak atau mengalami kerusakan dalam penggunaan normal.,0
450,Buy 1 Get 1 - Masker Primero - Sachet,G***g,Saya mengalami masalah dengan fitur pengaman produk ini. Tidak memberikan perlindungan yang memadai.,0
451,Buy 1 Get 1 - Masker Primero - Sachet,G***g,Kualitas material atau kain pada produk ini buruk. Mudah robek atau aus dalam waktu singkat.,0
452,Buy 1 Get 1 - Masker Primero - Sachet,G***g,Produk ini tidak memberikan nilai estetika yang menarik. Tampilan yang membosankan atau kurang menarik.,0
453,Buy 1 Get 1 - Masker Primero - Sachet,G***g,Saya merasa produk ini kurang nyaman digunakan. Tidak ergonomis atau tidak pas dengan postur tubuh.,0
454,Buy 1 Get 1 - Masker Primero - Sachet,G***g,Kualitas bahan makanan atau rasa pada produk ini buruk. Tidak enak atau tidak sesuai dengan harapan.,0
455,Buy 1 Get 1 - Masker Primero - Sachet,G***g,Produk ini memiliki waktu pengisian yang lama. Memakan waktu terlalu lama untuk mengisi daya atau baterai.,0
456,Buy 1 Get 1 - Masker Primero - Sachet,G***g,Saya mengalami masalah dengan kehandalan produk ini. Sering mengalami kerusakan atau gangguan yang tidak dapat diperbaiki.,0
457,Buy 1 Get 1 - Masker Primero - Sachet,G***g,Kualitas jaminan atau garansi produk ini buruk. Sulit untuk mengklaim atau mendapatkan penggantian.,0
458,Buy 1 Get 1 - Masker Primero - Sachet,G***g,Produk ini tidak kompatibel dengan sistem operasi atau perangkat lain yang umum digunakan.,0
459,Buy 1 Get 1 - Masker Primero - Sachet,G***g,Saya merasa produk ini kurang stabil atau sering mengalami kegagalan sistem.,0
460,Buy 1 Get 1 - Masker Primero - Sachet,G***g,Kualitas tali atau kawat pada produk ini buruk. Mudah putus atau melenting saat digunakan.,0
461,Buy 1 Get 1 - Masker Primero - Sachet,G***g,Produk ini tidak memberikan kemudahan penggunaan. Instruksi yang tidak jelas atau fitur yang rumit.,0
462,Buy 1 Get 1 - Masker Primero - Sachet,G***g,Saya mengalami masalah dengan kebocoran atau tumpahan pada produk ini. Tidak tahan terhadap cairan atau tekanan.,0
463,Buy 1 Get 1 - Masker Primero - Sachet,G***g,Kualitas baterai atau daya tahan produk ini buruk. Cepat habis atau membutuhkan pengisian ulang yang sering.,0
464,Buy 1 Get 1 - Masker Primero - Sachet,G***g,Produk ini tidak memiliki keandalan yang baik. Rentan mengalami gangguan atau kegagalan fungsi.,0
465,Buy 1 Get 1 - Masker Primero - Sachet,G***g,Saya merasa produk ini tidak ergonomis dalam penggunaan jangka panjang. Menyebabkan ketegangan atau ketidaknyamanan pada tubuh.,0
466,Buy 1 Get 1 - Masker Primero - Sachet,G***g,Kualitas jarak jangkauan atau sinyal pada produk ini buruk. Terbatas atau sering terputus dalam koneksi.,0
467,Buy 1 Get 1 - Masker Primero - Sachet,G***g,Produk ini tidak memiliki tingkat keamanan yang memadai. Rentan terhadap peretasan atau ancaman keamanan.,0
468,Buy 1 Get 1 - Masker Primero - Sachet,G***g,Saya mengalami masalah dengan keakuratan pengukuran atau sensor pada produk ini. Tidak akurat atau memberikan hasil yang salah.,0
469,Buy 1 Get 1 - Masker Primero - Sachet,G***g,Kualitas kemasan produk ini buruk. Tidak kokoh atau tidak melindungi barang dengan baik.,0
470,Buy 1 Get 1 - Masker Primero - Sachet,G***g,Produk ini tidak memberikan kecepatan atau performa yang diharapkan. Lambat dalam pemrosesan atau respons.,0
471,Buy 1 Get 1 - Masker Primero - Sachet,G***g,Saya merasa produk ini kurang ramah pengguna. Tidak intuitif atau sulit untuk digunakan tanpa panduan tambahan.,0
472,Buy 1 Get 1 - Masker Primero - Sachet,G***g,Kualitas sinyal suara atau kualitas panggilan pada produk ini buruk. Tidak jelas atau terdengar terdistorsi.,0
473,Buy 1 Get 1 - Masker Primero - Sachet,G***g,Produk ini memiliki ukuran atau dimensi yang tidak sesuai dengan kebutuhan atau harapan saya.,0
474,Buy 1 Get 1 - Masker Primero - Sachet,G***g,Saya mengalami masalah dengan ketahanan produk ini terhadap cuaca ekstrem atau lingkungan yang tidak kondusif.,0
475,Buy 1 Get 1 - Masker Primero - Sachet,G***g,Kualitas konstruksi atau kekuatan produk ini buruk. Mudah rusak atau tidak tahan lama dalam penggunaan normal.,0
476,Buy 1 Get 1 - Masker Primero - Sachet,G***g,Produk ini tidak memberikan tingkat kebersihan atau sanitasi yang memadai. Sulit untuk membersihkan atau memiliki kualitas higienis yang rendah.,0
477,Buy 1 Get 1 - Masker Primero - Sachet,G***g,Saya merasa produk ini tidak memberikan nilai harga yang sebanding. Terlalu mahal dibandingkan dengan kualitas dan fitur yang ditawarkan.,0
478,Buy 1 Get 1 - Masker Primero - Sachet,G***g,Kualitas desain atau estetika produk ini buruk. Terlihat tidak menarik atau tidak rapi.,0
479,Buy 1 Get 1 - Masker Primero - Sachet,G***g,Produk ini tidak memberikan fleksibilitas penggunaan. Terbatas dalam fungsionalitas atau kompatibilitas dengan aksesori tambahan.,0
480,Buy 1 Get 1 - Masker Primero - Sachet,G***g,Saya mengalami masalah dengan ketahanan produk ini terhadap korosi atau karat. Cepat terdegradasi atau berkarat dalam lingkungan yang lembap.,0
481,Buy 1 Get 1 - Masker Primero - Sachet,G***g,Kualitas bahan atau komponen internal pada produk ini buruk. Mudah rusak atau mengalami kegagalan dalam penggunaan normal.,0
482,Buy 1 Get 1 - Masker Primero - Sachet,G***g,Produk ini tidak memberikan dukungan atau pembaruan perangkat lunak yang memadai. Tidak ada peningkatan atau pembaruan fitur yang signifikan.,0
483,Buy 1 Get 1 - Masker Primero - Sachet,G***g,Saya merasa produk ini tidak memiliki daya tahan yang baik terhadap waktu. Tidak bertahan lama dalam penggunaan jangka panjang.,0
484,Buy 1 Get 1 - Masker Primero - Sachet,G***g,Kualitas konektivitas atau kompatibilitas produk ini buruk. Tidak dapat terhubung atau berinteraksi dengan perangkat lain dengan baik.,0
485,Buy 1 Get 1 - Masker Primero - Sachet,G***g,Produk ini tidak memberikan kestabilan atau kinerja yang konsisten. Seringkali mengalami penurunan kinerja atau gangguan yang tidak terduga.,0
486,Buy 1 Get 1 - Masker Primero - Sachet,G***g,Saya mengalami masalah dengan kenyamanan produk ini. Tidak nyaman digunakan dalam jangka waktu yang lama atau menyebabkan ketidaknyamanan fisik.,0
487,Buy 1 Get 1 - Masker Primero - Sachet,G***g,Kualitas kontrol atau tombol pada produk ini buruk. Tidak responsif atau sulit untuk diklik dengan baik.,0
488,Buy 1 Get 1 - Masker Primero - Sachet,G***g,Produk ini tidak memberikan perlindungan privasi yang memadai. Rentan terhadap penyusupan atau kebocoran data pribadi.,0
489,Buy 1 Get 1 - Masker Primero - Sachet,G***g,Saya merasa produk ini tidak ramah pengguna. Sulit untuk digunakan atau tidak sesuai dengan kebutuhan pengguna.,0
490,Buy 1 Get 1 - Masker Primero - Sachet,G***g,Kualitas performa atau kecepatan akses pada produk ini buruk. Lambat dalam memuat atau merespons perintah.,0
491,Buy 1 Get 1 - Masker Primero - Sachet,G***g,Produk ini tidak memberikan fitur keamanan yang memadai. Tidak ada perlindungan terhadap serangan atau ancaman keamanan.,0
492,Buy 1 Get 1 - Masker Primero - Sachet,G***g,Saya mengalami masalah dengan kualitas transmisi atau kualitas panggilan pada produk ini. Terdengar terputus-putus atau suara yang tidak jelas.,0
493,Buy 1 Get 1 - Masker Primero - Sachet,G***g,Kualitas layar atau tampilan produk ini buruk. Resolusi rendah atau warna yang tidak akurat.,0
494,Buy 1 Get 1 - Masker Primero - Sachet,G***g,Produk ini tidak memberikan kestabilan atau daya tahan baterai yang baik. Cepat habis atau sering perlu diisi ulang.,0
495,Buy 1 Get 1 - Masker Primero - Sachet,G***g,Produk ini tidak memberikan pembaruan perangkat lunak yang memadai. Tidak ada perbaikan bug atau peningkatan fitur.,0
496,Buy 1 Get 1 - Masker Primero - Sachet,G***g,Saya mengalami masalah dengan ketahanan produk ini terhadap air atau kelembapan. Rentan terhadap kerusakan akibat cairan.,0
497,Buy 1 Get 1 - Masker Primero - Sachet,G***g,Kualitas kamera atau hasil foto pada produk ini buruk. Tidak menghasilkan gambar yang tajam atau berkualitas.,0
498,Buy 1 Get 1 - Masker Primero - Sachet,G***g,Produk ini tidak memberikan fitur keamanan yang memadai. Rentan terhadap peretasan atau serangan siber.,0
499,Buy 1 Get 1 - Masker Primero - Sachet,G***g,Saya merasa produk ini tidak memberikan nilai jual yang baik. Sulit untuk mendapatkan pengembalian investasi atau keuntungan.,0
500,Buy 1 Get 1 - Masker Primero - Sachet,G***g,Produk ini tidak memberikan panduan pengguna yang jelas. Sulit untuk memahami cara penggunaan atau instalasi yang benar.,0
501,Buy 1 Get 1 - Masker Primero - Sachet,G***g,Saya mengalami masalah dengan bau atau aroma yang tidak sedap pada produk ini. Tidak nyaman atau mengganggu.,0
502,Buy 1 Get 1 - Masker Primero - Sachet,G***g,Kualitas resolusi layar atau grafis pada produk ini buruk. Tampilan yang buram atau tidak tajam.,0
503,Buy 1 Get 1 - Masker Primero - Sachet,G***g,Produk ini tidak memberikan perlindungan yang memadai terhadap virus atau malware. Rentan terhadap serangan cyber.,0
504,Buy 1 Get 1 - Masker Primero - Sachet,G***g,Saya merasa produk ini tidak ramah terhadap pengguna dengan disabilitas. Tidak menyediakan aksesibilitas yang memadai.,0
505,Buy 1 Get 1 - Masker Primero - Sachet,G***g,Kualitas tali atau pegangan pada produk ini buruk. Mudah putus atau tidak nyaman digunakan.,0
506,Buy 1 Get 1 - Masker Primero - Sachet,G***g,Produk ini tidak memberikan kemudahan dalam proses penginstalan atau penggunaan awal. Membutuhkan konfigurasi yang rumit.,0
507,Buy 1 Get 1 - Masker Primero - Sachet,G***g,Saya mengalami masalah dengan tingkat kebisingan yang dihasilkan oleh produk ini. Terlalu berisik atau mengganggu.,0
508,Buy 1 Get 1 - Masker Primero - Sachet,G***g,Kualitas bahan atau komponen elektronik pada produk ini buruk. Mudah terbakar atau menyebabkan korsleting listrik.,0
509,Buy 1 Get 1 - Masker Primero - Sachet,G***g,Produk ini tidak memberikan kestabilan atau kualitas sinyal yang baik. Sering terputus atau lemah dalam koneksi.,0
510,Buy 1 Get 1 - Masker Primero - Sachet,G***g,Saya merasa produk ini kurang inovatif atau tidak mengikuti perkembangan teknologi terkini.,0
511,Buy 1 Get 1 - Masker Primero - Sachet,G***g,Kualitas tahan air atau tahan debu pada produk ini buruk. Rentan terhadap kerusakan akibat air atau debu.,0
512,Buy 1 Get 1 - Masker Primero - Sachet,G***g,Produk ini tidak memberikan jaminan kualitas yang memadai. Tidak ada garansi atau dukungan purna jual.,0
513,Buy 1 Get 1 - Masker Primero - Sachet,G***g,Saya mengalami masalah dengan suhu yang dihasilkan oleh produk ini. Terlalu panas atau tidak dapat diatur dengan baik.,0
514,Buy 1 Get 1 - Masker Primero - Sachet,G***g,Kualitas bahan baku atau sumber daya yang digunakan dalam produk ini buruk. Tidak ramah lingkungan atau berkelanjutan.,0
515,Buy 1 Get 1 - Masker Primero - Sachet,G***g,Produk ini tidak memberikan pengalaman pengguna yang intuitif. Antarmuka atau navigasinya rumit atau tidak user-friendly.,0
516,Buy 1 Get 1 - Masker Primero - Sachet,G***g,Saya merasa produk ini kurang terjangkau atau tidak memberikan nilai untuk uang yang dihabiskan.,0
517,Buy 1 Get 1 - Masker Primero - Sachet,G***g,Kualitas baut atau pengunci pada produk ini buruk. Mudah longgar atau sulit untuk dikunci dengan baik.,0
518,Buy 1 Get 1 - Masker Primero - Sachet,G***g,Produk ini tidak memberikan kenyamanan ergonomis dalam penggunaan. Tidak sesuai dengan bentuk atau ukuran tubuh.,0
519,Buy 1 Get 1 - Masker Primero - Sachet,G***g,Saya mengalami masalah dengan kecepatan atau performa produk ini. Terlalu lambat atau sering mengalami penundaan.,0
520,Buy 1 Get 1 - Masker Primero - Sachet,G***g,Kualitas karet atau bahan penutup pada produk ini buruk. Mudah rusak atau mengelupas dalam penggunaan normal.,0
521,Buy 1 Get 1 - Masker Primero - Sachet,G***g,Produk ini tidak memberikan perlindungan yang memadai terhadap radiasi atau bahaya lainnya.,0
522,Buy 1 Get 1 - Masker Primero - Sachet,G***g,Saya merasa produk ini kurang praktis atau tidak mudah dibawa bepergian. Terlalu besar atau berat.,0
523,Buy 1 Get 1 - Masker Primero - Sachet,G***g,Kualitas tombol atau kontrol pada produk ini buruk. Tidak responsif atau sulit untuk digunakan dengan baik.,0
524,Buy 1 Get 1 - Masker Primero - Sachet,G***g,Produk ini tidak memberikan kompatibilitas yang baik dengan perangkat atau sistem operasi lainnya.,0
525,Buy 1 Get 1 - Masker Primero - Sachet,G***g,Saya mengalami masalah dengan sistem pengisian daya pada produk ini. Tidak efisien atau sering terjadi gangguan.,0
526,Buy 1 Get 1 - Masker Primero - Sachet,G***g,Kualitas suara atau output audio pada produk ini buruk. Tidak jernih atau terdengar terdistorsi.,0
527,Buy 1 Get 1 - Masker Primero - Sachet,G***g,Produk ini tidak memberikan kemudahan dalam pemeliharaan atau perawatan. Sulit untuk membersihkan atau merawat dengan baik.,0
528,Buy 1 Get 1 - Masker Primero - Sachet,G***g,Saya merasa produk ini tidak memberikan keandalan yang baik dalam jangka waktu yang panjang. Sering mengalami kerusakan atau gangguan.,0
529,Buy 1 Get 1 - Masker Primero - Sachet,G***g,Kualitas desain ergonomis pada produk ini buruk. Tidak nyaman digunakan dalam jangka waktu yang lama.,0
530,Buy 1 Get 1 - Masker Primero - Sachet,G***g,Produk ini tidak memberikan fitur penghematan energi yang memadai. Boros dalam penggunaan daya atau baterai.,0
531,Buy 1 Get 1 - Masker Primero - Sachet,G***g,Saya mengalami masalah dengan kualitas tali atau strap pada produk ini. Mudah putus atau tidak dapat menahan beban dengan baik.,0
532,Buy 1 Get 1 - Masker Primero - Sachet,G***g,Kualitas penutup atau casing produk ini buruk. Mudah tergores atau pecah dalam penggunaan normal.,0
533,Buy 1 Get 1 - Masker Primero - Sachet,G***g,Produk ini tidak memberikan fitur keamanan fisik yang memadai. Rentan terhadap pencurian atau kerusakan.,0
534,Buy 1 Get 1 - Masker Primero - Sachet,G***g,Saya merasa produk ini tidak memberikan pengalaman multimedia yang memuaskan. Kualitas audio atau video yang rendah.,0
535,Buy 1 Get 1 - Masker Primero - Sachet,G***g,Kualitas bahan isolasi atau perlindungan pada produk ini buruk. Tidak efektif dalam mengisolasi atau melindungi dari bahaya eksternal.,0
536,Buy 1 Get 1 - Masker Primero - Sachet,G***g,Produk ini tidak memberikan fitur konektivitas yang memadai. Tidak dapat terhubung dengan perangkat lain atau jaringan dengan baik.,0
537,Buy 1 Get 1 - Masker Primero - Sachet,G***g,Saya mengalami masalah dengan sensitivitas atau akurasi layar sentuh pada produk ini. Tidak responsif atau sering mengalami kesalahan.,0
538,Buy 1 Get 1 - Masker Primero - Sachet,G***g,Kualitas jangkauan atau jarak sinyal pada produk ini buruk. Terbatas dalam jangkauan atau sering mengalami gangguan.,0
539,Buy 1 Get 1 - Masker Primero - Sachet,G***g,Produk ini tidak memberikan kecepatan pengiriman atau pengiriman yang baik. Lambat dalam memproses pesanan atau mengirimkan barang.,0
